,execution_time_seconds,memory_usage_MB,num_users,num_items,num_cycles_found,num_exchanges,num_warnings,overall_effectiveness_percent,participation_percent
mean,0.5316196282704672,8.840980847676596,9.666666666666666,167.66666666666666,31.333333333333332,8.333333333333334,8.333333333333334,6.980994152046783,67.46031746031746
median,0.08622169494628906,1.0048351287841797,4.0,70.0,26.0,6.0,6.0,6.25,52.38095238095239
min,0.08116531372070312,0.9917144775390625,4.0,32.0,1.0,2.0,2.0,4.166666666666666,50.0
max,1.4274718761444092,24.526392936706543,21.0,401.0,67.0,17.0,17.0,10.526315789473683,100.0
std,0.7758349239776273,13.583966922069834,9.814954576223638,202.96387199039472,33.321664624285106,7.767453465154029,7.767453465154029,3.242228952287294,28.20532641891565
